source,title,description,content,url,image,author,published_at
newsapi,Clara Brugada encabeza primer simulacro metropolitano; CDMX y Edomex coordinan respuesta ante sismo,"El ejercicio integra de manera inédita el sistema de alerta sísmica directamente en dispositivos móviles, complementando la red de altavoces en lo que representa el primero de tres simulacros programados para este año.","La Jefa de Gobierno, Clara Brugada Molina, supervisó el inicio del Primer Simulacro Metropolitano 2026, un ejercicio preventivo de gran escala que, por primera ocasión, coordina esfuerzos institucion… [+1662 chars]",https://www.elfinanciero.com.mx/cdmx/2026/02/18/clara-brugada-encabeza-primer-simulacro-metropolitano-cdmx-y-edomex-coordinan-respuesta-ante-sismo/,https://www.elfinanciero.com.mx/resizer/v2/JMKOGP6KPNBC3K7OHTWCRMYT64.jpeg?smart=true&auth=53fc65491ff88b0619d2fe04f388f938906daa4ddfb5d3edda38ca40fa3f5cc2&width=1200&height=630,Redacción,2026-02-18T23:56:33Z
newsapi,"España es la segunda plataforma global para la expansión de empresas latinoamericanas, según estudio","España se posiciona como la segunda plataforma global para la expansión de empresas latinoamericanas, según un estudio basado en el análisis de 54 millones de datos empresariales.España está reforzando su papel como nodo estratégico en la internacionalización…","España está reforzando su papel como nodo estratégico en la internacionalización de empresas latinoamericanas. Así lo planteó el estudio España, el trampolín de las empresas latinoamericanas en el mu… [+6448 chars]",https://es.cointelegraph.com/news/espana-es-la-segunda-plataforma-global-para-la-expansion-de-empresas-latinoamericanas-segun-estudio-de-ceapi,"https://images.cointelegraph.com/cdn-cgi/image/f=auto,onerror=redirect,w=1200/https://s3.cointelegraph.com/uploads/2026-02/019c732d-8ca1-7982-9fe6-0cc5e16b571a.jpg",Kevin Rivera,2026-02-18T23:56:09Z
newsapi,"Una vez más, CDMX y Edomex ‘la libran’: Hoy No Circula del jueves 19 de febrero",El Hoy no Circula para la CDMX y el Edomex entra en vigor a las 5:00 y termina a las 22:00 horas; tiene como objetivo disminuir la contaminación del aire.,"Luego de que la Ciudad de México tuviera varios días de Doble Hoy No Circula, todo vuelve a la normalidad, aunque se reportó mala calidad del aire el miércoles 18 de febrero.
Al corte de las 17:00 h… [+2960 chars]",https://www.elfinanciero.com.mx/cdmx/2026/02/18/una-vez-mas-cdmx-y-edomex-la-libran-hoy-no-circula-del-jueves-19-de-febrero/,https://www.elfinanciero.com.mx/resizer/v2/I7SZUWS4ZZEYTH7TJ3KYND2BUI.jpeg?smart=true&auth=8fe12fe9a260fc27e29a669cddaff102ddbcd9b3fbb55d9065bee22c4d8873fc&width=1200&height=630,Redacción,2026-02-18T23:52:16Z
newsapi,Hallan fosa clandestina con varios cuerpos en México que llevaba años sin ser descubierta,,"La Fiscalía General del Estado de Tabasco informó este miércoles del hallazgo de una fosa clandestina con seis cuerpos en un predio del municipio de Paraíso, en el sureste del país. El descubrimiento… [+615 chars]",https://actualidad.rt.com/actualidad/587813-hallan-fosa-clandestina-seis-cuerpos,https://mfes.b37m.ru/actualidad/public_images/2026.02/original/69964ffde9ff7133685a86f8.jpg,"RT en Español
 , RT en Español",2026-02-18T23:49:17Z
newsapi,Sueño europeo roto: Claudia Cid denuncia abandono de su club tras grave lesión,"La historia de Claudia Cid, ex futbolista de la Liga MX Femenil, pasó de ser el reflejo de un sueño cumplido a convertirse en una denuncia pública sobre la vulnerabilidad que pueden enfrentar las jugadoras o jugadores que emigran al extranjero. La mexicana de…","La historia de Claudia Cid, ex futbolista de la Liga MX Femenil, pasó de ser el reflejo de un sueño cumplido a convertirse en una denuncia pública sobre la vulnerabilidad que pueden enfrentar las jug… [+3662 chars]",https://www.milenio.com/deportes/futbol-internacional/claudia-cid-denuncia-abandono-de-su-club-tras-grave-lesion,https://cdn.milenio.com/uploads/media/2026/02/18/sueno-europeo-roto-claudia-cid.jpg,Minelli Atayde Zarco,2026-02-18T23:49:00Z
newsapi,"Asistencia consular en casos penales, solo para mexicanos detenidos en el extranjero, no para testigos: Corte","La Suprema Corte de Justicia de la Nación (SCJN) determinó que la asistencia consular en casos penales solo opera para los mexicanos detenidos en el extranjero, pero no para los que declaran en calidad de testigos.El pronunciamiento de la Corte derivó de un a…","La Suprema Corte de Justicia de la Nación (SCJN) determinó que la asistencia consular en casos penales solo opera para los mexicanos detenidos en el extranjero, pero no para los que declaran en calid… [+2534 chars]",https://www.milenio.com/policia/asistencia-consular-penal-para-mexicanos-detenidos-no-testigos-corte,https://cdn.milenio.com/uploads/media/2026/02/18/sesion-pleno-suprema-corte-justicia.jpg,Rubén Mosso,2026-02-18T23:46:00Z
newsapi,"México, interesado en mantener el pacto trilateral: ministro canadiense tras reunión con Ebrard","El ministro del gobierno canadiense que representará a Ottawa en la revisión del ⁠tratado comercial de Norteamérica (T-MEC) dijo que México está interesado en mantener el pacto trilateral entre Canadá, Estados Unidos y México, que se revisará este año.""Me tra…",El ministro del gobierno canadiense que representará a Ottawa en la revisión del tratado comercial de Norteamérica (T-MEC) dijo que México está interesado en mantener el pacto trilateral entre Canadá… [+608 chars],https://www.milenio.com/negocios/canada-mexico-buscan-trilateral-revision-t-mec,https://cdn.milenio.com/uploads/media/2025/09/22/morena-invita-participar-consulta-t.jpeg,Agencia Reuters,2026-02-18T23:45:00Z
newsapi,"Bastian Escobar, el actor mexicano de 9 años que sorprende en el Festival de Cine de Berlín","Moscas, la nueva película de Fernando Eimbcke (Temporada de patos), se presentó este miércoles en el Festival Internacional de Cine de Berlín, sorprendiendo por nivel actoral y carisma de uno de sus protagonistas: Bastian Escobar, quien solo tiene nueve añosD…","Moscas, la nueva película de Fernando Eimbcke (Temporada de patos), se presentó este miércoles en el Festival Internacional de Cine de Berlín, sorprendiendo por nivel actoral y carisma de uno de sus … [+3267 chars]",https://www.milenio.com/espectaculos/cine/bastian-escobar-nino-actor-deslumbra-berlinale-2026,https://cdn.milenio.com/uploads/media/2026/02/18/bastian-director-cinta-fernando-eimbcke.jpg,Milenio Entretenimiento,2026-02-18T23:45:00Z
newsapi,"Twenty One Pilots sorprendió al lanzar oficialmente su sencillo ""Drag Path"" tras varias filtraciones en redes","Hasta hoy, esta canción solo se podía encontrar en ""Breach: Digital Remains"", la edición limitada que expandía su álbum ""Breach"". Leer más","Twenty One Pilots sorprendió a sus fieles seguidores este miércoles 18 de febrero al lanzar ""Drag Path"", que llega a plataformas oficiales tras viralizarse por sus filtraciones. Recordemos que hasta … [+1381 chars]",https://exitoina.perfil.com/noticias/musica/twenty-one-pilots-sorprendio-al-lanzar-oficialmente-su-sencillo-drag-path-tras-varias-filtraciones-en-redes.phtml,https://fotos.perfil.com/2026/02/18/trim/1140/641/twenty-one-pilots-2188347.jpg,Johanna Chiesa,2026-02-18T23:40:46Z
newsapi,"En un día caliente para el Gobierno, Milei llega a Washington para la reunión del Consejo de la Paz que convocó Trump","El Presidente participará el jueves de la sesión inaugural de la entidad, en la que se tratará la reconstrucción de Gaza; en el viaje exprés lo acompañan Karina Milei y el canciller Quirno","WASHINGTON.- Javier Milei llega esta noche a Washington en un viaje exprés para participar el jueves de la sesión inaugural del Consejo de la Paz convocada por su principal aliado internacional, el p… [+6513 chars]",https://www.lanacion.com.ar/politica/en-un-dia-caliente-para-el-gobierno-milei-llega-a-washington-para-la-reunion-del-consejo-de-la-paz-nid18022026/,https://resizer.glanacion.com/resizer/v2/los-presidentes-donald-trump-y-javier-milei-en-el-W5FWCFLROREU5I6TJQ5QWQC6VE.jpg?auth=cb6a488f4075a9cfced1ad9fa3a63211aca15b9f40453ce1ef63bceb5c636a9c&width=1200&quality=70&smart=false&height=800,Guillermo Idiart,2026-02-18T23:30:37Z
newsapi,“Vendrán como tsunami de inversión”: Banco Base señala interés de empresas extranjeras en México,"A pesar de la volatilidad registrada en el sector empresario, Banco Base percibe interés por parte de compañías extranjeras para invertir en México.“Las empresas extranjeras “están pagando por ver”, ya que en el momento esto se destrabe, van a empezar a venir…","A pesar de la volatilidad registrada en el sector empresario, Banco Base percibe interés por parte de compañías extranjeras para invertir en México.
Las empresas extranjeras están pagando por ver, y… [+2661 chars]",https://www.milenio.com/negocios/banco-base-senala-interes-empresas-extranjeras-mexico,https://cdn.milenio.com/uploads/media/2023/08/21/puebla-capta-ied-mil-mdd.jpg,Fernanda Murillo,2026-02-18T23:28:00Z
newsapi,"Festival Internacional del Taco y el Asado 2026: Fechas, sede, actividades y lo que debes saber",El Festival Internacional del Taco informó que se espera la participación de cocineros de otros tipos de platillos como alitas y espadas brasileñas.,¡Pa echarse un taquito y una carnita asada! El Festival Internacional del Taco y el Asado anunció las fechas y la sede del evento de comida mexicana donde acuden alrededor de 100 expositores con sus … [+2672 chars],https://www.elfinanciero.com.mx/food-and-drink/2026/02/18/festival-internacional-del-taco-y-el-asado-2026-fechas-sede-actividades-y-lo-que-debes-saber/,https://www.elfinanciero.com.mx/resizer/v2/RL5FET4NAZARTOLIT2WKXZCFRQ.jpg?smart=true&auth=56dff8f9f5c8cb2b84002103e82c72ed4c2970d57b2bef6e545c0f5260f00ebf&width=1200&height=630,Redacción,2026-02-18T23:17:34Z
newsapi,"Ataque a tiros en un parque de México deja un muerto y 10 heridos, varios de ellos niños",,"Una persona murió y otras 10 resultaron heridas —la mayoría menores de edad— en un ataque armado ocurrido la noche del martes en un parque de la colonia Renovación, municipio de San Francisco del Rin… [+843 chars]",https://actualidad.rt.com/actualidad/587809-ataque-tiros-parque-mexico-deja,https://mfes.b37m.ru/actualidad/public_images/2026.02/original/6996481c59bf5b775f465f47.jpg,"RT en Español
 , RT en Español",2026-02-18T23:15:40Z
newsapi,‘Mi suegro ayudó a mucha gente en el PRI’: Sergio Mayer afirma que llegó solo a la política,"Sergio Mayer entra a La Casa de los Famosos y revive sus palabras sobre Jaime Camil Garza, el empresario y suegro que marcó su vida familiar y política.","El actor y político Sergio Mayerha defendido que el empresario Jaime Camil Garza, su finado suegro, no le ayudó para comenzar su carrera política, sino que la forjó personalmente.
Recientemente, May… [+6230 chars]",https://www.elfinanciero.com.mx/espectaculos/2026/02/18/sergio-mayer-afirma-que-llego-a-la-politica-sin-ayuda-de-su-suegro-jaime-camil-garza/,https://www.elfinanciero.com.mx/resizer/v2/FW4F4BGF4RA75HMUOCK6B45K4U.jpg?smart=true&auth=3ae6426e5f472424dbe6ca9ff905f270230863d74c6103425646aa18975c61ee&width=1200&height=630,Redacción,2026-02-18T23:12:01Z
newsapi,¿Cuáles son los posibles rivales de San Francisco 49ers en el Estadio Azteca-Banorte?,"Posibles rivales de los 49ers en México 2026: Vikings, Raiders, Eagles y más equipos que podrían jugar en el Estadio Azteca-Banorte.","Los San Francisco 49ers jugarán en México como locales un partido de temporada regular de la NFL en el remodelado Estadio Azteca-Banorte, con rival aún por anunciar... aunque ya hay candidatos.
Y es… [+3163 chars]",https://www.elfinanciero.com.mx/deportes/2026/02/18/cuales-son-los-posibles-rivales-de-san-francisco-49ers-en-el-estadio-azteca-banorte/,https://www.elfinanciero.com.mx/resizer/v2/T4AVAVUN2JCDBHQEEFMEPNJPNQ.jpeg?smart=true&auth=f604ab89efb2b4dc1f281d724bad8348aa8f8a1ffc48fea808dd753c43b196bc&width=1200&height=630,Redacción,2026-02-18T23:11:52Z
newsapi,"AM Best Afirma Calificaciones Crediticias de Compañía Internacional de Seguros, S.A.","CIUDAD DE MÉXICO--(BUSINESS WIRE)--AM Best ha afirmado la Calificación de Fortaleza Financiera de A (Excelente) y la Calificación Crediticia de Emisor de Largo Plazo de “a” (Excelente) de Compañía Internacional de Seguros, S.A. (CIS) (Ciudad de Panamá, Panamá…",CIUDAD DE MÉXICO--(BUSINESS WIRE)--AM Best ha afirmado la Calificación de Fortaleza Financiera de A (Excelente) y la Calificación Crediticia de Emisor de Largo Plazo de a (Excelente) de Compañía Inte… [+5287 chars],https://www.elpais.com.uy/enlaces-patrocinados/am-best-afirma-calificaciones-crediticias-de-compania-internacional-de-seguros-s-a-20260218,https://imgs.elpais.com.uy/dims4/default/6bfc0ab/2147483647/strip/true/crop/1440x700+0+0/resize/1440x700!/quality/90/?url=https%3A%2F%2Fel-pais-uruguay-production-web.s3.us-east-1.amazonaws.com%2Fbrightspot%2Fc5%2Ff9%2F5af15c6a49008f02d397c5e0d189%2Fdescarga.jpeg,Redacción,2026-02-18T23:10:30Z
newsapi,Ricardo La Volpe reconoce a Chivas como uno de los mejores equipos de la Liga MX,"Las Chivas de Gabriel Milito es uno de los mejores equipos en la Liga MX, así lo ve Ricardo La Volpe.El ex técnico de la Selección Mexicana en el Mundial de Alemania 2006 elogió la forma de juego del chiverío, que marcha como líder de la tabla con seis victor…","Las Chivas de Gabriel Milito es uno de los mejores equipos en la Liga MX, así lo ve Ricardo La Volpe.
El ex técnico de la Selección Mexicana en el Mundial de Alemania 2006 elogió la forma de juego d… [+1508 chars]",https://www.milenio.com/futbol/liga-mx/ricardo-la-volpe-sobre-chivas-esperemos-que-salga-campeon-de-liga-mx,https://cdn.milenio.com/uploads/media/2026/02/18/ricardo-volpe-ve-chivas-mejores.jpg,Alonso González,2026-02-18T23:06:00Z
newsapi,Estados Unidos cambia su ley y mete en aprietos a muchas marcas de autos: en un mes prohibirá los autos con microchips o software chino,"Dentro de toda la guerra comercial que estamos viviendo, se había perdido de vista un ataque por parte de la administración de Joe Biden, el cual surgirá efecto en menos de un mes, cuando se prohiba la venta de automóviles con software chino dentro de los Est…","Dentro de toda la guerra comercial que estamos viviendo, se había perdido de vista un ataque por parte de la administración de Joe Biden, el cual surgirá efecto en menos de un mes, cuando se prohiba … [+2173 chars]",https://www.motorpasion.com.mx/industria/estados-unidos-cambia-su-ley-mete-aprietos-a-muchas-marcas-autos-mes-prohibira-autos-microchips-software-chino,https://i.blogs.es/2c3c33/autos-prohibidos-estados-unidos/840_560.jpeg,Alonso Brugada,2026-02-18T23:00:57Z
newsapi,"Abría mis ventanas en épocas de calor, pero descubrí que es un error. Esto dicen los expertos","Las temperaturas por fin comienzan a subir en todo el país. Los team calor lo celebran y los team frío lo sufren. La verdad, a final de cuentas, es que ahora sudarás todo el día de partes que ni siquiera considerabas, además de que tendrás más sed y probablem…","Las temperaturas por fin comienzan a subir en todo el país. Los team calor lo celebran y los team frío lo sufren. La verdad, a final de cuentas, es que ahora sudarás todo el día de partes que ni siqu… [+3840 chars]",https://www.xataka.com.mx/home/ventanas-abiertas-cerradas-esto-recomiendan-expertos-para-mantener-fresco-tu-hogar,https://i.blogs.es/c9113d/calor-ventanas-mexico-recomendacion/840_560.jpeg,Eric Ramirez,2026-02-18T23:00:57Z
newsapi,Toda la gira latinoamericana de tierra no se jugará sobre cemento... por ahora,"En el día de ayer salió la información de que esta gira (Buenos Aires, Rio, Santiago) pasará a jugarse sobre cemento en 2028. Eso no es cierto... por ahora.","Ayer, desde Sudamérica, se contó en diversos medios y a través de distintos periodistas que la gira latinoamericana de tenis sobre tierra batida pasaría a jugarse sobre cemento a partir de 2028. Real… [+5841 chars]",https://www.puntodebreak.com/2026/02/19/gira-latinoamericana-tierra-no-jugara-cemento-ahora,https://www.puntodebreak.com/sites/default/files/styles/epsa_detail_thumbail/public/2026-02/rio-open-gira-sudamerica.jpg?h=920929c4&itok=83ESO2Df,Jose Morón,2026-02-18T23:00:49Z
newsapi,Sheinbaum bloquea celulares sin identificar: el trámite obligatorio si tienes un número de México y vives en EE.UU.,"Los migrantes procedentes del país latino deben registrar sus teléfonos con el sistema denominado CURP biométrico; la información incluye nombres, fecha de nacimiento, nacionalidad y huellas dactilares",Claudia Sheinbaum anunció recientemente que los mexicanos que viven en Estados Unidos y tienen un número de teléfono de su país natal deberán registrarse con la Clave Única de Registro de Población (… [+2779 chars],https://www.lanacion.com.ar/estados-unidos/sheinbaum-bloquea-celulares-sin-identificar-el-tramite-obligatorio-si-tienes-un-numero-de-mexico-y-nid18022026/,https://resizer.glanacion.com/resizer/v2/los-migrantes-que-tienen-un-numero-de-mexico-y-JEB4B2GOE5HKNDIPF6HMUNH42I.jpg?auth=9042fa65b0638356ad4dcc7549d26c6e5736600127316157150ddea9469773cf&width=1200&quality=70&smart=false&height=800,LA NACION,2026-02-18T23:00:00Z
newsapi,"Sheinbaum se reúne con Martina Cheung, de S&P Global; hablan sobre IA y economía","Claudia Sheinbaum, a través de un post de X, informó que se reunió con la directora ejecutiva de S&P Global, Martina L. Cheung, en Palacio Nacional.La Presidenta comentó que dentro de los temas que tocaron se encuentran la Inteligencia Aaritificial (IA) y la …","Claudia Sheinbaum, a través de un post de X, informó que se reunió con la directora ejecutiva de S&amp;P Global, Martina L. Cheung, en Palacio Nacional. 
La Presidenta comentó que dentro de los tema… [+1342 chars]",https://www.milenio.com/negocios/sheinbaum-reune-martina-cheung-sp-global,https://cdn.milenio.com/uploads/media/2026/02/18/sheinbaum-reune-martina-cheung-global.jpeg,Redacción,2026-02-18T23:00:00Z
newsapi,¿Industria o vehículos? Estos sectores contaminan más el aire en CdMx,"El la última semana, la calidad del aire en el Valle de México ha registrado altos índices de contaminantes, situación que provocó la activación de contingencia ambiental.La Comisión Ambiental de la Megalópolis (CAMe) solicitó a las personas a tomar precaucio…","El la última semana, la calidad del aire en el Valle de México ha registrado altos índices de contaminantes, situación que provocó la activación de contingencia ambiental. 
La Comisión Ambiental de … [+2540 chars]",https://www.milenio.com/comunidad/sectores-que-contaminan-mas-el-aire-valle-de-mexico-cuales-son,https://cdn.milenio.com/uploads/media/2021/10/06/horacio-riojas-contaminacion-aire-causa.jpg,Hernán Cortés,2026-02-18T22:56:00Z
newsapi,"""El fentanilo no distingue"": embajador de EU en México sobre caso de niña intoxicada en Puebla","El embajador de Estados Unidos en México, Ronald Johnson, externó su solidaridad con las víctimas y familiares delcaso de intoxicación en el estado de Puebla, donde una menor dio positivo a fentanilo y este miércoles recibió el alta médica tras permanecer más…","El embajador de Estados Unidos en México, Ronald Johnson, externó su solidaridad con las víctimas y familiares del caso de intoxicación en el estado de Puebla, donde una menor dio positivo a fentanil… [+2880 chars]",https://www.milenio.com/internacional/embajador-eu-mexico-externa-solidaridad-caso-intoxicacion-puebla,https://cdn.milenio.com/uploads/media/2025/07/23/ronald-johnson-embajador-unidos-mexico.jpg,Milenio Internacional,2026-02-18T22:55:00Z
newsapi,"The Flaming Lips regresan a CdMx; fecha, sede y boletos para ver a la banda de rock psicodélico","Los conciertos no paran en la Ciudad de México; a la enorme lista de eventos venideros, ahora se suma el regreso de una banda icónica del rock psicodélico a nivel mundial: The Flaming Lips.Formada en Oklahoma City en 1983, la banda ha construido un legado bas…","Los conciertos no paran en la Ciudad de México; a la enorme lista de eventos venideros, ahora se suma el regreso de una banda icónica del rock psicodélico a nivel mundial: The Flaming Lips.
Formada … [+1604 chars]",https://www.milenio.com/espectaculos/musica/concierto-de-the-flaming-lips-en-cdmx-cuando-y-donde-es,https://cdn.milenio.com/uploads/media/2026/02/18/cantante-banda-the-flaming-lips.jpg,Milenio Entretenimiento,2026-02-18T22:53:42Z
newsapi,De la ciencia al paciente: la evolución de la industria farmacéutica en México en los últimos 81 años,"México es hoy uno de los principales productores de medicamentos en América Latina, con una industria que abastece al mercado nacional e internacional.La industria farmacéuticase ha convertido en un generador clave de empleo, impulsando la formación de una gr…","México es hoy uno de los principales productores de medicamentos en América Latina, con una industria que abastece al mercado nacional e internacional.
La industria farmacéutica se ha convertido en … [+3671 chars]",https://www.milenio.com/ciencia-y-salud/evolucion-de-industria-farmaceutica-en-mexico-en-ultimos-81-anos,https://cdn.milenio.com/uploads/media/2026/02/18/innovacion-impulsa-formacion-talento-desarrollo.jpeg,Redacción,2026-02-18T22:31:00Z
newsapi,Ariadna Montiel encabeza reunión con instituciones para beneficiar a trabajadores agrícolas de San Quintín,"Ariadna Montiel Reyes, titular de la Secretaria de Bienestar, encabezó una reunió con instituciones que representan a los trabajadores agrícolas de la localidad de San Quintín, Baja California.En redes sociales, la funcionaria resaltó que dichas instituciones…","Ariadna Montiel Reyes, titular de la Secretaria de Bienestar, encabezó una reunió con instituciones que representan a los trabajadores agrícolas de la localidad de San Quintín, Baja California.
En r… [+3029 chars]",https://www.milenio.com/estados/ariadna-montiel-se-reune-con-representantes-de-agricolas-san-quintin,https://cdn.milenio.com/uploads/media/2026/02/18/reunion-atender-plan-justicia-trabajadores.jpeg,Rafael Mejía Fernández de Lara,2026-02-18T22:19:00Z
newsapi,“Vamos a desbloquear recuerdos a través de la música”: Jorge Medina,"Los ex vocalistas de La Arrolladora Banda el Limón, Jorge Medina y Josi Cuen, anunciaron sus cuatro conciertos en el Auditorio Nacional para el mes de septiembre y además hablaron de su reciente colaboración con Calibre 50.Después de su paso por otros recinto…","Los ex vocalistas de La Arrolladora Banda el Limón, Jorge Medina y Josi Cuen, anunciaron sus cuatro conciertos en el Auditorio Nacional para el mes de septiembre y además hablaron de su reciente cola… [+2176 chars]",https://www.milenio.com/espectaculos/desbloquearemos-recuerdos-a-traves-de-la-musica-jorge-medina,https://cdn.milenio.com/uploads/media/2026/02/18/los-musicos-continuan-con-el.jpg,Omar A. G. Pardavé,2026-02-18T22:13:59Z
newsapi,Mario Méndez espera que 'Hormiga' González emule a Andrés Guardado e impulse su carrera en el Mundial,"A medida que avanzan los días, los preparativos para la Copa del Mundo, así como las cuestiones deportivas, van encontrando un desenlace, que, para el pueblo mexicano debe ser positivo.Mario Méndez, uno de los Embajadores de Guadalajara 2026, que estuvo prese…","A medida que avanzan los días, los preparativos para la Copa del Mundo, así como las cuestiones deportivas, van encontrando un desenlace, que, para el pueblo mexicano debe ser positivo.
Mario Méndez… [+1397 chars]",https://www.milenio.com/futbol/liga-mx/esperan-que-armando-gonzalez-emule-a-andres-guardado-en-el-mundial,https://cdn.milenio.com/uploads/media/2026/02/18/armando-gonzalez-levanta-mano-convocado.jpg,Alberto Ávalos,2026-02-18T22:11:00Z
newsapi,Oaxaca es la entidad más afectada por incendios forestales en lo que va de 2026,"Con un total de 2 mil 577.45 hectáreas siniestradas por el fuego, Oaxaca se convirtió en el estado más afectado por incendios forestalesen lo que va de 2026.La Comisión Nacional Forestal (Conafor) confirmó que entre el 1 de enero y el 12 de febrero, en la ent…","Con un total de 2 mil 577.45 hectáreas siniestradas por el fuego, Oaxaca se convirtió en el estado más afectado por incendios forestales en lo que va de 2026.
La Comisión Nacional Forestal (Conafor)… [+2553 chars]",https://www.milenio.com/estados/oaxaca-el-estado-mas-afectado-por-incendios-forestales-en-mexico,https://cdn.milenio.com/uploads/media/2026/02/18/oaxaca-entidad-afectada-incendios-forestales.jpg,Álvaro Morales,2026-02-18T22:06:00Z
