original_title,title,original_description,description,author,published_at,publishedAt,category,paraphrase_method,url,image_url
"‘Alito’ Moreno se lanza contra reforma electoral: Apoyarla sería mostrar ‘miedo’ al gobierno, afirma","Moreno critica reforma electoral: apoyarla sería ceder al miedo gubernamental, afirma","Alejandro Moreno Cárdenas, presidente del PRI, calificó de cobarde y destructiva la iniciativa de reforma electoral y cuestionó la falta de apoyo incluso entre aliados.","El dirigente nacional del Partido Revolucionario Institucional, Alejandro Moreno Cárdenas, calificó la iniciativa de reforma electoral como un acto cobarde y destructivo, además de señalar la ausencia de respaldo incluso por parte de aliados políticos.",Diana Benítez,2026-02-24T23:11:51Z,,,openrouter-trinity-large-preview:free,https://www.elfinanciero.com.mx/nacional/2026/02/24/alito-moreno-se-lanza-contra-reforma-electoral-apoyarla-seria-mostrar-miedo-al-gobierno-afirma/,https://www.elfinanciero.com.mx/resizer/v2/7QXLY6ZZHFCUFHXTCHTNSJMRPI.jpg?smart=true&auth=91b2655bf5b9490f6d4677179a541d6c40a0e8fd4a19f0ba8e00534527a1c477&width=1200&height=630
"El fin del ""abrazos, no balazos"": cómo la presión de Trump influye en que Claudia Sheinbaum haya reforzado la lucha contra el narco en México",Trump presiona a Sheinbaum para endurecer lucha contra narcos en México,"Los analistas coinciden en que en los casi 17 meses que lleva al frente del gobierno mexicano, la sucesora y heredera política de AMLO ha tratado de desmarcarse de él con sus acciones. La presión de EE.UU. ha hecho el resto.","Los analistas coinciden en que, durante sus casi 17 meses de gobierno, la sucesora y heredera política de AMLO ha intentado distanciarse de él a través de sus acciones, mientras la presión estadounidense ha contribuido a este proceso.",https://www.facebook.com/bbcnews,2026-02-24T21:25:30Z,,,openrouter-trinity-large-preview:free,https://www.bbc.com/mundo/articles/c23zp5z0pn3o,https://ichef.bbci.co.uk/news/1024/branded_mundo/c2bf/live/9a56bf60-11c2-11f1-9e8e-6f36bc130275.jpg
Líderes del Caribe se reúnen en cumbre mientras políticas de EEUU afectan la región,Cumbre caribeña debate impacto de políticas estadounidenses,"Por BERT WILKINSON y DÁNICA COTO GEORGETOWN, Guyana (AP) — Mandatarios de naciones del Caribe se reunieron el martes en St. Kitts y Nevis para debatir asuntos apremiantes, entre ellos la relación de la región con el gobierno de Estados Unidos, que ha seguido …","En un encuentro de alto nivel celebrado en Saint Kitts y Nevis, líderes de diversas naciones caribeñas se congregaron este martes para abordar temas estratégicos que afectan a la región. Entre las prioridades de la agenda figuraba el análisis de las relaciones diplomáticas con la administración estadounidense, cuyo posicionamiento ha mantenido una postura que ha generado preocupación entre los países participantes.

El encuentro, que reúne a jefes de Estado y representantes de gobiernos insulares, busca establecer una posición coordinada frente a desafíos comunes, incluyendo aspectos económicos, de seguridad y cooperación internacional. La presencia de mandatarios de países como Guyana, representada por el presidente Irfaan Ali, subraya la importancia que se concede a este foro de discusión regional.

Los debates se centrarán en encontrar consensos que permitan fortalecer la voz colectiva del Caribe en la escena internacional, particularmente en temas de comercio, cambio climático y asistencia financiera. La reunión representa un esfuerzo por consolidar la unidad entre las naciones del área en un contexto geopolítico complejo.",Associated Press Spanish,2026-02-24T23:07:53Z,,,openrouter-trinity-large-preview:free,https://www.bostonherald.com/2026/02/24/lderes-del-caribe-se-renen-en-cumbre-mientras-polticas-de-eeuu-afectan-la-regin/,https://www.bostonherald.com/wp-content/uploads/2018/11/Herald_BridgePhoto.jpg
Discurso del Estado de la Unión de Trump: ¿Dónde y a qué hora verlo HOY EN VIVO?,Trump pronuncia el Discurso del Estado de la Unión: horario y dónde verlo en vivo.,Donald Trump usará su discurso del Estado de la Unión para argumentar que el Partido Republicano es el indicado para llevar a Estados Unidos a una nueva 'era dorada' de crecimiento.,"En su discurso sobre el Estado de la Unión, Donald Trump defenderá la postura de que el Partido Republicano es la opción idónea para conducir a Estados Unidos hacia una nueva 'era dorada' de prosperidad.",AP,2026-02-24T21:04:29Z,,,openrouter-trinity-large-preview:free,https://www.elfinanciero.com.mx/mundo/2026/02/24/discurso-estado-de-la-union-donald-trump-a-que-hora-es-y-donde-verlo-hoy/,https://www.elfinanciero.com.mx/resizer/v2/LW7PNNCSUZGHPPAHKHNACM7I4M.jpeg?smart=true&auth=f4552096af0aea757185b0fe9ffb7a46663e4c82b929208d8f4b7b4e638a5082&width=1200&height=630
La poderosa red de lavado del 'Mencho' que se gestó a los ojos de la élite política mexicana,'Mencho's' powerful money laundering network operated under Mexican political elite's watch,"Empresas fachada dedicadas a la construcción, el ganado, el tequila, el comercio de metales y joyas, se usaron para blanquear recursos del cártel.","Empresas fachada dedicadas a la construcción, ganadería, tequila, comercio de metales y joyas se usaron para lavar recursos del cártel.","RT en Español
 , RT en Español",2026-02-24T19:41:06Z,,,openrouter-trinity-large-preview:free,https://actualidad.rt.com/actualidad/588828-poderosa-red-lavado-mencho-elite-politica,https://mfes.b37m.ru/actualidad/public_images/2026.02/article/699ddd18e9ff71748e0b78c3.jpg
Tensión entre Sheinbaum y Musk: ¿Cuál fue la acusación del multimillonario contra la mandataria?,"Musk acusa a Sheinbaum de ""censura"" en México.",No es la primera vez que la presidenta Sheinbaum considera demandar a Musk; en 2025 también hubo tensiones debido a una práctica de la empresa SpaceX.,"La tensión entre la mandataria mexicana y el magnate tecnológico no es un fenómeno nuevo; en 2025, las fricciones ya habían surgido cuando SpaceX implementó una práctica que generó controversia en el ámbito internacional.",Redacción,2026-02-24T19:43:50Z,,,openrouter-trinity-large-preview:free,https://www.elfinanciero.com.mx/nacional/2026/02/24/tension-entre-sheinbaum-y-musk-cual-fue-la-acusacion-del-multimillonario-contra-la-mandataria/,https://www.elfinanciero.com.mx/resizer/v2/7KPGSNIBE5APJH2DY4PGPVNHMU.png?smart=true&auth=01dcefbeca82854d71aeaee989ca57946eaa29e4c8c52699b9566968849d835f&width=1200&height=630
México: una declaración de Elon Musk molestó a Sheinbaum y ahora ella evalúa denunciarlo,Sheinbaum evalúa denunciar a Elon Musk por declaración molesta,El magnate vinculó a su administración con el crimen organizado tras la detención de “El Mencho”,El magnate relacionó a su administración con el crimen organizado tras la detención de “El Mencho”,LA NACION,2026-02-24T19:02:21Z,,,openrouter-trinity-large-preview:free,https://www.lanacion.com.ar/el-mundo/mexico-una-declaracion-de-elon-musk-molesto-a-sheinbaum-y-ahora-ella-evalua-denunciarlo-nid24022026/,https://resizer.glanacion.com/resizer/v2/-GNTJVSYLUFCNZJRPXGTV3ZZVWI.png?auth=e1d2dbcb4cb7077e1c796d1863efeb900eeaef07538f7428b538d78e686c1d29&width=1200&quality=70&smart=false&height=800
"Ante el caos arancelario MAGA, Europa podría jugar sus cartas",Europa podría aprovechar el caos arancelario MAGA.,"La sentencia del Tribunal Supremo de Estados Unidos, aprobada por seis votos frente a tres, no sólo ha invalidado el pilar central de la estrategia económica de la...","La decisión del Tribunal Supremo de Estados Unidos, adoptada con una mayoría de seis votos contra tres, no solo ha anulado el elemento fundamental de la estrategia económica...",Alicia Coronil Jónsson,2026-02-24T19:08:00Z,,,openrouter-trinity-large-preview:free,https://www.expansion.com/opinion/2026/02/24/699df38ce5fdead1288b4571.html,https://e01-phantom-expansion.uecdn.es/a1bd3f2d14862a7c4a27addbbcd487df/crop/202x17/1840x1109/resize/1200/f/webp/assets/multimedia/imagenes/2026/02/24/17719598991818.jpg
Entraron en vigor los nuevos aranceles del 10% que impuso Trump tras el revés ante la Corte Suprema,Nuevos aranceles del 10% de Trump entran en vigor tras decisión Corte Suprema,La Casa Blanca recurrió a una herramienta legal poco utilizada después de que el máximo tribunal anulara los gravámenes aplicados por emergencia nacional; el nuevo esquema rige por 150 días y podría endurecerse,"La administración Biden recurrió a una estrategia legal poco convencional tras la decisión de la Corte Suprema de invalidar los aranceles impuestos bajo una declaración de emergencia nacional. La nueva medida, que entrará en vigor por un período de 150 días, representa un intento de mantener la presión comercial sobre China mientras se busca una base legal más sólida para las restricciones comerciales. El marco temporal limitado de esta acción sugiere que la administración está evaluando opciones adicionales, incluyendo la posibilidad de endurecer aún más las medidas comerciales si no se logran avances significativos en las negociaciones bilaterales. Este enfoque refleja la compleja intersección entre el derecho comercial internacional y las estrategias geopolíticas en la relación entre las dos mayores economías del mundo.",LA NACION,2026-02-24T19:06:19Z,,,openrouter-trinity-large-preview:free,https://www.lanacion.com.ar/estados-unidos/entraron-en-vigor-los-nuevos-aranceles-del-10-que-impuso-trump-tras-el-reves-ante-la-corte-suprema-nid24022026/,https://resizer.glanacion.com/resizer/v2/entra-en-vigor-en-eeuu-el-arancel-adicional-del-2TVWUMOW2VGBZOJGOQ42YOIQ64.JPG?auth=c07ae8cda72e3031462cc425ccd534c11747c384dfd7e3c823ec618e251e87a9&width=1200&quality=70&smart=false&height=800
Se levanta en el mastil mi bandera del peso: ¿Cuánto se aprecia ante el dólar HOY?,Mi peso sube: ¿Cuánto gana frente al dólar HOY?,El peso puede apreciarse aún más en la jornada de este martes 24 de febrero si el presidente Donald Trump mantiene un 'tono conciliador' en su informe del Estado de la Nación.,El peso podría apreciarse aún más este martes 24 de febrero si el presidente Donald Trump mantiene un tono conciliador en su informe del Estado de la Nación.,Redacción,2026-02-24T16:36:34Z,,,openrouter-trinity-large-preview:free,https://www.elfinanciero.com.mx/mercados/2026/02/24/peso-dolar-precio-hoy-24-de-febrero-de-2026/,https://www.elfinanciero.com.mx/resizer/v2/KJ6QRDZ5OZH7FE5NXHBEYGV64Y.png?smart=true&auth=a0889eb82c5d344877c62beb04c446145837983c185b2d1ac84c9e22f7a73c75&width=1200&height=630
Atacan a balazos a una alcaldesa mexicana y matan a su hijo,Alcaldesa mexicana recibe disparos; su hijo muere en ataque,Nora Alicia Biebrich fue emboscada por sujetos armados mientras se desplazaba por una carretera de México.,Nora Alicia Biebrich fue sorprendida por un grupo de hombres armados durante su trayecto por una vía de comunicación en México.,"RT en Español
 , RT en Español",2026-02-24T18:30:19Z,,,openrouter-trinity-large-preview:free,https://actualidad.rt.com/actualidad/588842-atacan-balazos-alcaldesa-mexicana-matar-hijo,https://mfes.b37m.ru/actualidad/public_images/2026.02/article/699def7be9ff71613522059c.jpg
Entra en vigor nuevo arancel global de Trump: inicia en 10% pese anuncio del 15%,"Arancel de Trump entra en vigor: 10% inicial, anunciado en 15%","EE.UU. comenzó a aplicar este martes un nuevo arancel global a las importaciones, impulsado por el presidente Donald Trump. Aunque el mandatario anunció que la tasa subiría al 15%, la medida entró en vigor con un 10% inicial. El giro reaviva la incertidumbre …","Estados Unidos implementó este martes un nuevo arancel generalizado sobre importaciones, una medida promovida por el presidente Donald Trump que, pese a haber sido anunciada inicialmente con una tasa del 15%, entró en vigencia con un 10% provisional. Esta decisión revierte la incertidumbre económica previa, marcando un cambio significativo en la política comercial estadounidense.

La aplicación de este arancel, que afecta a una amplia gama de productos provenientes de diversos países, representa un giro importante en la estrategia comercial de la administración Trump. Aunque la tasa finalmente establecida es inferior a la anunciada, la medida mantiene su carácter disruptivo para el comercio internacional.

Este arancel global se suma a otras acciones proteccionistas implementadas por la administración estadounidense, como las restricciones comerciales impuestas a China y la renegociación del Tratado de Libre Comercio de América del Norte (TLCAN). La decisión de aplicar un arancel generalizado refleja la intención de la Casa Blanca de abordar lo que considera desequilibrios comerciales y prácticas desleales por parte de sus socios comerciales.

La medida ha generado reacciones encontradas en el ámbito empresarial y político, con algunos sectores apoyando la iniciativa como una forma de proteger la industria nacional, mientras que otros la critican por su potencial impacto negativo en la economía global y las relaciones comerciales internacionales.",Isabel Ortiz,2026-02-24T17:40:00Z,,,openrouter-trinity-large-preview:free,https://republica.com/internacional/entra-en-vigor-nuevo-arancel-global-de-trump-inicia-en-10-pese-anuncio-del-15--202622411400,https://cdn.republica.com/022026/1771955493890.jpg?&cw=600&ch=365
Entradas para River vs. Banfield: precios y cómo comprar,"River vs Banfield: tickets, prices, purchase details",Los socios del Millonario se volcaron a comprar tickets tras el anuncio de la salida de Marcelo Gallardo; las ubicaciones disponibles y los costos,"Los socios de River Plate se apresuraron a adquirir entradas tras confirmarse la partida de Marcelo Gallardo, generando alta demanda por las localidades disponibles.",LA NACION,2026-02-24T15:02:29Z,,,openrouter-trinity-large-preview:free,https://www.lanacion.com.ar/deportes/futbol/entradas-para-river-vs-banfield-precios-y-como-comprar-nid24022026/,https://resizer.glanacion.com/resizer/v2/marcelo-gallardo-dirigira-el-ultimo-partido-de-su-FM5E24G45BDMHCM245MLUA4JK4.JPG?auth=3bf41909adbc17b0def5de7c3e5c4db3adea2984aa9bea023a393ef1fa85e3f3&width=1200&quality=70&smart=false&height=799
"México, la nueva batalla antidroga para alejarse de la etiqueta del 'narcoestado'",México combate narcotráfico para superar estigma de 'narcoestado',"<![CDATA[<p>México empieza a recuperar la calma tras dos días de furia. El operativo militar contra el Cartel Jalisco Nueva Generación (CJNG), que culminó el domingo con el arresto y muerte de su líder, Nemesio Oseguera Cervantes, alias El Mencho, ha sacado a…","México comienza a recuperar la calma tras dos días de intensa actividad. La operación militar contra el Cártel Jalisco Nueva Generación (CJNG), que concluyó el domingo con la detención y fallecimiento de su máximo dirigente, Nemesio Oseguera Cervantes, conocido como El Mencho, ha provocado…",Carmen Rengel,2026-02-24T16:29:05Z,,,openrouter-trinity-large-preview:free,https://www.huffingtonpost.es/global/mexico-drogas-narcoestado-f202602.html,https://img2.huffingtonpost.es/files/og_thumbnail/uploads/2026/02/24/miembros-de-la-guardia-nacional-mexicana-vigilan-las-calles-en-guadalajara-tras-la-muerte-de-nemesio-oseguera-el-mencho-el-23-de-febrero-de-2026.jpeg
Sheinbaum evalúa acciones legales contra Musk,Sheinbaum considers legal action against Musk,"La medida vendría luego de que el multimillonario comentara que la dignataria ""solo está diciendo lo que sus jefes del cartel le dicen que diga"".","La decisión se produciría después de que el magnate afirmara que la funcionaria ""se limita a repetir las instrucciones que recibe de sus superiores del cartel"".

El comentario del empresario, que ha generado gran controversia en los círculos políticos, sugiere que la dignataria carece de autonomía en sus declaraciones y actúa como un mero vocero de intereses ocultos. Este tipo de acusaciones suelen tener consecuencias significativas en el ámbito diplomático y podrían afectar las relaciones bilaterales entre las naciones involucradas.

Expertos en relaciones internacionales han señalado que este tipo de declaraciones no solo dañan la reputación de la funcionaria, sino que también podrían interpretarse como una interferencia en los asuntos internos del país, lo que podría llevar a medidas recíprocas por parte del gobierno afectado.","RT en Español
 , RT en Español",2026-02-24T15:07:05Z,,,openrouter-trinity-large-preview:free,https://actualidad.rt.com/actualidad/588817-sheinbaum-evaluar-acciones-legales-musk,https://mfes.b37m.ru/actualidad/public_images/2026.02/article/699dbf69e9ff71646805ec34.jpg
Las secuelas tras la caída de 'El Mencho' en las turísticas calles mexicanas,Secuelas en calles turísticas tras caída de 'El Mencho' en México,"Las secuelas tras la caída de Nemesio Oseguera Cervantes, alias 'El Mencho', líder del Cártel Jalisco Nueva Generación (CJNG), todavía eran evidentes el lunes en las...","Las consecuencias del arresto de Nemesio Oseguera Cervantes, conocido como 'El Mencho', máximo dirigente del Cártel Jalisco Nueva Generación (CJNG), permanecían visibles el lunes en las...",N. L.,2026-02-24T13:45:26Z,,,openrouter-trinity-large-preview:free,https://www.elmundo.es/internacional/2026/02/24/699d9c6ee85ecea9308b4577.html,https://e01-phantom-elmundo.uecdn.es/5a0faf8dc0cacec76111d728751737a1/resize/1200/f/webp/assets/multimedia/imagenes/2026/02/24/17719365218359.jpg
El formato de debate que lleva años radicalizando opiniones en EEUU. llega a España. Xokas es su protagonista,El formato de debate que radicaliza opiniones en EEUU llega a España con Xokas como protagonista,"El streamer gallego El Xokas se sentó frente a varios rivales ideológicos en un debate producido y presentado por Ibai Llanos en YouTube. El formato, que bebe directamente del modelo anglosajón popularizado por Charlie Kirk y 'Turning Point USA', deja abierta…","El youtuber Ibai Llanos organizó un debate en YouTube donde participó el streamer gallego El Xokas junto a varios oponentes ideológicos. El formato, inspirado directamente en el modelo anglosajón popularizado por Charlie Kirk y Turning Point USA, deja abierta...",John Tones,2026-02-24T13:30:56Z,,,openrouter-trinity-large-preview:free,https://www.xataka.com/magnet/formato-debate-que-lleva-anos-radicalizando-posiciones-ee-uu-llega-a-espana-xokas-su-protagonista,https://i.blogs.es/6d2e6f/captura-de-pantalla-2026-02-24-a-las-8.05.42/840_560.jpeg
"Aranceles ‘golpean’ a inflación en México: Repunta a 3.92% a principios de febrero, más de lo esperado","La inflación mexicana sube a 3.92% en febrero, superando expectativas.","La inflación en México se aceleró más de lo esperado a 3.92 por ciento en las dos primeras semanas de febrero, en comparación con el mismo periodo del año anterior.","El índice de precios al consumidor en México experimentó un incremento del 3.92% durante las primeras quincenas de febrero, superando las previsiones del mercado y registrando una tasa superior a la anticipada por los analistas económicos.

Este dato representa un aumento significativo frente al mismo período del año anterior, lo que sugiere una aceleración en los precios de bienes y servicios básicos para los hogares mexicanos. La cifra, publicada por el Instituto Nacional de Estadística y Geografía (INEGI), refleja presiones inflacionarias que podrían influir en las decisiones de política monetaria del Banco de México en las próximas semanas.",Bloomberg,2026-02-24T13:39:48Z,,,openrouter-trinity-large-preview:free,https://www.elfinanciero.com.mx/economia/2026/02/24/inflacion-en-mexico-repunta-mas-de-lo-esperado-se-ubica-en-392-en-primera-quincena-de-febrero/,https://www.elfinanciero.com.mx/resizer/v2/2PQJ425HARDIZHS425WZFLNYOI.jpg?smart=true&auth=a81b37429b03e6bd0ed91152d53b6a99cb15891a91766f744f0dfb6215b396ad&width=1200&height=630
La muerte de “El Mencho” pondrá a prueba la precaria situación del Estado mexicano,"La caída de ""El Mencho"" desafía la estabilidad del Estado mexicano","El gobierno, que siempre cuenta con escasos recursos, puede tener dificultades para contener la creciente violencia tras la muerte de un líder de un cártel.","Las autoridades, que habitualmente enfrentan limitaciones presupuestarias, podrían experimentar complicaciones para controlar el aumento de la violencia después del fallecimiento de un capo del narcotráfico.",Jacques Coste/Americas Quarterly,2026-02-24T13:00:00Z,,,openrouter-trinity-large-preview:free,https://www.latercera.com/mundo/noticia/la-muerte-de-el-mencho-pondra-a-prueba-la-precaria-situacion-del-estado-mexicano/,https://www.latercera.com/resizer/v2/UCKOITCFFJBS3PYACX4HQJCF4M.jpg?auth=dad42b699b75932c95281fc7df9d7729725b0ce5c26ea50ef3c9b0523c144324&height=630&width=1200&smart=true
"""La Habana Vieja está vacía. Todo parece muerto"": cómo se agudizó el declive del turismo en Cuba y qué impacto tiene","""Cuba: el turismo colapsa en La Habana Vieja""",Cuba se enfrenta al colapso de una de sus fuentes clave de divisas —el turismo— mientras la crisis energética y la escasez de combustible se intensifican.,Cuba enfrenta el colapso de una de sus principales fuentes de divisas —el turismo— mientras se agrava la crisis energética y la escasez de combustible.,https://www.facebook.com/bbcnews,2026-02-24T12:20:51Z,,,openrouter-trinity-large-preview:free,https://www.bbc.com/mundo/articles/c15xv9k9exgo,https://ichef.bbci.co.uk/news/1024/branded_mundo/4d22/live/3e5b1df0-0dd5-11f1-ad76-15be5b81d03d.jpg
Murtra ve avances hacia fusiones en Europa y reconfirma que Telefónica se irá de Venezuela,Murtra ve avances hacia fusiones en Europa y reconfirma que Telefónica se irá de Venezuela,"Con dos palabras, la operadora de bandera española ha querido transmitir al mercado que están plenamente enfocados en cumplir su nuevo plan estratégico, que como dijo el presidente Marc Murtra trae consigo decisiones difíciles. Para ello han utilizado dos pal…","En un comunicado conciso pero revelador, la compañía aérea insignia de España ha enviado un mensaje claro al mercado: su compromiso total con la implementación de su nueva estrategia corporativa. Esta reorientación estratégica, tal como lo anunció el presidente Marc Murtra, implica asumir decisiones complejas y desafiantes que transformarán el rumbo de la empresa.

El uso de solo dos palabras por parte de la dirección para expresar este enfoque estratégico demuestra una intención deliberada de transmitir claridad y determinación en sus objetivos corporativos. Este enfoque minimalista contrasta con las extensas presentaciones típicas del sector, sugiriendo una nueva era de comunicación directa y sin ambigüedades por parte de la compañía.

El contexto de estas ""decisiones difíciles"" mencionadas por Murtra probablemente incluye aspectos como la optimización de rutas, la renovación de flotas, la reestructuración de costos operativos y posiblemente ajustes en la plantilla, todo dentro de un marco de sostenibilidad financiera y competitividad en el mercado global de la aviación.",(abc),2026-02-24T12:48:10Z,,,openrouter-trinity-large-preview:free,https://www.abc.es/economia/murtra-avances-fusiones-europa-reconfirma-telefonica-ira-20260224134806-nt.html,https://s1.abcstatics.com/abc/www/multimedia/economia/2026/02/24/murtra-rdp-U33743677075JIO-1024x512@diario_abc.jpg
Revés judicial a García Cabeza de Vaca: SCJN revoca su amparo y reactiva orden de aprehensión,SCJN revoca amparo a García Cabeza de Vaca; reactiva orden de aprehensión,"Mientras el pleno aprobó el proyecto con ajustes metodológicos, García Cabeza de Vaca respondió en redes sociales alegando ser víctima de una represalia política","El pleno aprobó el proyecto con ajustes metodológicos, mientras García Cabeza de Vaca respondió en redes sociales alegando ser víctima de represalia política.",Iván Rosas,2026-02-24T12:00:00Z,,,openrouter-trinity-large-preview:free,https://www.tribuna.com.mx/mexico/2026/2/24/reves-judicial-garcia-cabeza-de-vaca-scjn-revoca-su-amparo-reactiva-orden-de-aprehension-430453.html,https://www.tribuna.com.mx/u/fotografias/m/2026/2/24/f1280x720-493836_625511_5050.jpg
Morena sanciona a Sergio Mayer: suspenden sus derechos por irse a 'La Casa de los Famosos',Morena suspende derechos de Sergio Mayer por reality show,La medida suspende sus derechos al considerar que su separación del cargo legislativo para participar en un reality show afecta la credibilidad del movimiento,La decisión implica la suspensión de sus derechos políticos al considerar que su renuncia al cargo legislativo para participar en un programa de telerrealidad compromete la credibilidad del movimiento político.,Iván Rosas,2026-02-24T12:00:00Z,,,openrouter-trinity-large-preview:free,https://www.tribuna.com.mx/tendencias/2026/2/24/morena-sanciona-sergio-mayer-suspenden-sus-derechos-por-irse-la-casa-de-los-famosos-430498.html,https://www.tribuna.com.mx/u/fotografias/m/2026/2/24/f1280x720-493908_625583_5050.jpg
Lamarque Cano planea sección para desmentir información falsa sobre su administración,Lamarque Cano planea sección para desmentir información falsa sobre su administración,"El alcalde de Cajeme, Javier Lamarque Cano, propone un espacio llamado 'Mitote Fake' para aclarar rumores o noticias falsas en medios y redes sociales","El presidente municipal de Cajeme, Javier Lamarque Cano, ha presentado una iniciativa innovadora denominada ""Mitote Fake"", un espacio destinado a desmentir rumores y noticias falsas que circulan en medios de comunicación y plataformas digitales. Este proyecto busca combatir la desinformación y promover la transparencia en la comunicación pública, abordando directamente la proliferación de contenidos engañosos que afectan la percepción ciudadana. La propuesta surge como respuesta a la creciente preocupación por la propagación de información no verificada en la era digital, ofreciendo un mecanismo institucional para verificar y aclarar hechos controvertidos que impactan en la comunidad.",Jorge Salazar,2026-02-24T12:00:00Z,,,openrouter-trinity-large-preview:free,https://www.tribuna.com.mx/sonora/2026/2/24/lamarque-cano-planea-seccion-para-desmentir-informacion-falsa-sobre-su-administracion-430478.html,https://www.tribuna.com.mx/u/fotografias/m/2026/2/24/f1280x720-493890_625565_5050.jpg
El Seguro Médico de la Élite: La Confesión Involuntaria de Scherer,Scherer admite: Seguro médico exclusivo para élites.,"Más allá de las tensiones entre el exconsejero jurídico y el exvocero de la presidencia, el texto ofrece una realidad presente en nuestros días: la retórica del bienestar público y la realidad de la salud privada.",El texto revela una realidad actual más allá de las disputas entre el exconsejero jurídico y el exvocero presidencial: la retórica del bienestar público frente a la realidad de la salud privada.,Juan Manuel Lira,2026-02-24T09:12:33Z,,,openrouter-trinity-large-preview:free,https://www.elfinanciero.com.mx/opinion/colaborador-invitado/2026/02/24/el-seguro-medico-de-la-elite-la-confesion-involuntaria-de-scherer/,https://www.elfinanciero.com.mx/resizer/v2/2HOUO5YLQVBUTCYX5IQKAKVRJA.png?smart=true&auth=c740d9c03c574c1f0d0322f7189fb506b7f2254a2340f4032772f1bdc869a36d&width=1200&height=630
"Juan Eslava Galán: ""Me hace gracia que personas mal informadas intenten abolir la prostitución""","Juan Eslava Galán: ""Me divierte que gente mal informada quiera abolir la prostitución""","Desde que ganó el Planeta con 'En busca del unicornio', su legión de seguidores devora sus obras, muchas novelas y ensayos de gran erudición histórica y sentido del humor. Acaba de publicar 'Amor y sexo en España contado para escépticos' Leer","Desde que obtuvo el prestigioso Premio Planeta con su novela 'En busca del unicornio', el autor ha consolidado una base de lectores fieles que consumen ávidamente su producción literaria, que abarca desde novelas hasta ensayos de notable profundidad histórica y un humor característico. Su más reciente publicación, 'Amor y sexo en España contado para escépticos', continúa la tradición de combinar erudición con accesibilidad, ofreciendo una perspectiva crítica sobre la evolución de las relaciones afectivas y sexuales en la península ibérica.",Eduardo Álvarez,2026-02-24T10:37:29Z,,,openrouter-trinity-large-preview:free,https://www.elmundo.es/papel/lideres/2026/02/24/699c3c7dfc6c83d3788b4585.html,https://e01-phantom-elmundo.uecdn.es/c4aa473f84ea55f4e3a9682844af9d77/resize/1200/f/webp/assets/multimedia/imagenes/2026/02/23/17718478671429.jpg
Entra en vigor arancel global del 15% impuesto por Trump: ¿Qué cambia y qué queda exento?,Trump aplica arancel 15% global: cambios y excepciones.,El nuevo arancel global del 15% de Trump ya entró en vigor tras revés en la Corte Suprema; conoce qué productos quedan exentos y cuánto durará,"El arancel global del 15% establecido por Trump ya está vigente tras decisión de la Corte Suprema; conoce qué productos están exentos y la duración de la medida

El presidente Donald Trump ha impuesto un arancel global del 15% sobre importaciones de todo el mundo, medida que ha generado preocupación en el sector empresarial y ha sido criticada por analistas económicos. La Corte Suprema de Estados Unidos rechazó recientemente una solicitud de emergencia para bloquear esta política comercial, permitiendo así su implementación.

La medida afecta una amplia gama de productos importados, aunque existen ciertas excepciones. Entre los artículos exentos se encuentran suministros médicos, equipos de protección personal, ciertos productos farmacéuticos y algunos componentes tecnológicos considerados estratégicos para la seguridad nacional.

La duración de esta política arancelaria dependerá de las negociaciones comerciales bilaterales que Trump ha iniciado con diversos países. El gobierno estadounidense ha indicado que los aranceles podrían modificarse o eliminarse según los acuerdos alcanzados con cada nación.

Expertos en comercio internacional han advertido que esta medida podría tener consecuencias significativas para la economía global, incluyendo posibles aumentos de precios para los consumidores estadounidenses y posibles represalias comerciales por parte de otros países.",Frida Tochimani,2026-02-24T12:00:00Z,,,openrouter-trinity-large-preview:free,https://www.tribuna.com.mx/mundo/2026/2/24/entra-en-vigor-arancel-global-del-15-impuesto-por-trump-que-cambia-que-queda-exento-430398.html,https://www.tribuna.com.mx/u/fotografias/m/2026/2/24/f1280x720-493747_625422_5050.jpeg
Fallo de la Suprema Corte de EU anularía bloqueo petrolero a Cuba,Suprema Corte de EU podría eliminar bloqueo petrolero a Cuba,"Washington y Nueva York., El fallo de la Suprema Corte de Estados Unidos, que la semana pasada declaró que algunos aranceles comerciales impuestos por el gobierno del presidente Donald Trump fueron implementados bajo una ley de manera inconstitucional, anula …","Washington y Nueva York, 11 de junio. La Suprema Corte de Estados Unidos declaró inconstitucional la aplicación de ciertos aranceles comerciales del gobierno de Donald Trump, invalidando...","DEMOS, Desarrollo de Medios, S.A. de C.V.",2026-02-24T08:56:16Z,,,openrouter-trinity-large-preview:free,https://www.jornada.com.mx/2026/02/24/mundo/025n1mun,https://www.jornada.com.mx/2026/02/24/fotos/025n1mun-1.jpg
La muerte de El Mencho’ desata una ola violenta que revela el poder del narco y su capacidad para reconfigurarse,Muerte de El Mencho desata violencia y revela poder del narco,"El operativo que acabó con la vida del líder del Cártel Jalisco Nueva Generación, Nemesio Oseguera Cervantes, ha desatado una ola de violencia sin precedentes en las calles de México. Esta respuesta, organizada y repartida por diferentes estados, revela que l…","La operación que culminó con la muerte del líder del Cártel Jalisco Nueva Generación, Nemesio Oseguera Cervantes, ha desencadenado una ola de violencia sin precedentes en diversas regiones de México. Esta reacción coordinada y distribuida entre múltiples estados evidencia que el grupo criminal mantiene una estructura organizada capaz de responder con rapidez a las acciones de las autoridades.",Francisco Pérez Fernández / Francisco López-Muñoz,2026-02-24T09:03:42Z,,,openrouter-trinity-large-preview:free,https://www.elperiodico.com/es/internacional/20260224/muerte-mencho-desata-ola-violenta-127202279,https://estaticos-cdn.prensaiberica.es/clip/0db253aa-70ee-41fd-b8c9-cebacb7899b5_16-9-discover-aspect-ratio_default_0_x1200y533.jpg
Carlos Fernández-Vega: México SA,Carlos Fernández-Vega: México SA,"En la boyante industria del narcotráfico –en la que la larga mano del vecino del norte nunca ha estado ausente–, la lealtad es un artículo de lujo y de muy corta duración. Nadie quiere ser delator, un vil sapo, pero, a la hora de la captura, todos lo son si a…","En el lucrativo mundo del tráfico de estupefacientes -un sector donde la influencia estadounidense ha sido históricamente omnipresente- la fidelidad constituye un bien escaso y efímero. Si bien nadie aspira a convertirse en delator, en ese papel que en el argot criminal se conoce como ""sapo"", la realidad es que ante la amenaza de la detención, la mayoría opta por colaborar con las autoridades si ello significa evitar penas severas o proteger a sus seres queridos. Esta dinámica de traición sistemática ha sido un elemento constante en el funcionamiento de las organizaciones criminales, donde la preservación personal suele prevalecer sobre cualquier código de honor.",Carlos Fernández-Vega,2026-02-24T08:56:16Z,,,openrouter-trinity-large-preview:free,https://www.jornada.com.mx/2026/02/24/opinion/024o1eco,https://www.jornada.com.mx/2026/02/24/fotos/024o1eco-1.jpg
